Predicted Values,Actual Value,Matched/Unmatched
c_americana,c_americana,Matched
c_americana,c_americana,Matched
c_avellana,c_avellana,Matched
c_cornuta,c_cornuta,Matched
c_avellana,c_avellana,Matched
c_americana,c_americana,Matched
c_americana,c_americana,Matched
c_americana,c_americana,Matched
c_americana,c_americana,Matched
c_americana,c_americana,Matched
c_avellana,c_avellana,Matched
c_cornuta,c_cornuta,Matched
c_cornuta,c_cornuta,Matched
c_avellana,c_avellana,Matched
c_avellana,c_avellana,Matched
c_avellana,c_avellana,Matched
c_avellana,c_avellana,Matched
c_avellana,c_avellana,Matched
c_americana,c_americana,Matched
c_cornuta,c_cornuta,Matched
c_cornuta,c_cornuta,Matched
c_avellana,c_avellana,Matched
c_avellana,c_avellana,Matched
c_cornuta,c_cornuta,Matched
c_avellana,c_avellana,Matched
c_cornuta,c_cornuta,Matched
c_cornuta,c_cornuta,Matched
c_avellana,c_avellana,Matched
c_avellana,c_avellana,Matched
c_avellana,c_avellana,Matched
c_avellana,c_avellana,Matched
c_americana,c_americana,Matched
c_avellana,c_avellana,Matched
c_avellana,c_avellana,Matched
c_avellana,c_avellana,Matched
c_avellana,c_avellana,Matched
c_avellana,c_avellana,Matched
c_avellana,c_avellana,Matched
c_americana,c_americana,Matched
c_cornuta,c_cornuta,Matched
c_avellana,c_avellana,Matched
c_avellana,c_avellana,Matched
c_americana,c_americana,Matched
c_americana,c_americana,Matched
c_americana,c_americana,Matched
c_americana,c_americana,Matched
c_avellana,c_avellana,Matched
c_americana,c_americana,Matched
c_avellana,c_avellana,Matched
c_avellana,c_avellana,Matched
c_cornuta,c_cornuta,Matched
c_americana,c_americana,Matched
c_avellana,c_avellana,Matched
c_americana,c_americana,Matched
c_americana,c_americana,Matched
c_cornuta,c_cornuta,Matched
c_cornuta,c_cornuta,Matched
c_avellana,c_avellana,Matched
c_cornuta,c_cornuta,Matched
c_avellana,c_avellana,Matched
c_americana,c_americana,Matched
c_avellana,c_avellana,Matched
c_avellana,c_avellana,Matched
c_avellana,c_avellana,Matched
c_americana,c_americana,Matched
c_americana,c_americana,Matched
